{"cameraMode":{"drawMode":0,"name":"Shaded","section":"Shading Mode"},"sceneLighting":true,"audioPlay":false,"sceneViewState":{"showFog":true,"showMaterialUpdate":false,"showSkybox":true,"showFlares":true,"showImageEffects":true,"showParticleSystems":true},"in2DMode":false,"pivot":{"x":29.337493896484376,"y":3.518477439880371,"z":37.84542465209961},"rotation":{"x":-0.08862747251987457,"y":0.03942630812525749,"z":-0.003641202114522457,"w":-0.9953652620315552},"size":5.568164825439453,"orthographic":false}